[
    {
        "name": "Data",
        "rows": [
            {
                "index": 2,
                "height": 10,
                "cells": [
                    {
                        "value": "Last update:",
                        "format": "",
                        "textAlign": "right",
                        "index": 0
                    },
                    {
                        "value": 42040,
                        "format": "m/d/yyyy",
                        "textAlign": "right",
                        "index": 1
                    },
                    {
                        "format": "dd\\.mm\\.yy",
                        "textAlign": "right",
                        "index": 2
                    }
                ]
            },
            {
                "index": 0,
                "cells": [
                    {
                        "value": "Detailed average prices - 2013 [prc_dap13]",
                        "format": "",
                        "index": 0
                    }
                ]
            },
            {
                "index": 3,
                "cells": [
                    {
                        "value": "Source of data:",
                        "format": "",
                        "textAlign": "right",
                        "index": 0
                    },
                    {
                        "value": "Eurostat",
                        "textAlign": "right",
                        "index": 1
                    }
                ]
            },
            {
                "index": 4,
                "cells": [
                    {
                        "value": "Unit:",
                        "format": "",
                        "textAlign": "right",
                        "index": 0
                    },
                    {
                        "value": "EURO",
                        "textAlign": "right",
                        "index": 1
                    }
                ]
            },
            {
                "index": 5,
                "cells": [
                    {
                        "value": "Time:",
                        "format": "",
                        "textAlign": "right",
                        "index": 0
                    },
                    {
                        "value": 2013,
                        "textAlign": "right",
                        "index": 1
                    }
                ]
            },
            {
                "index": 7,
                "cells": [
                    {
                        "value": "GEO/COICOP",
                        "format": "",
                        "background": "#99ccff",
                        "bold": true,
                        "textAlign": "center",
                        "index": 0
                    },
                    {
                        "value": "Wheat flour (1 kg)",
                        "format": "",
                        "background": "#99ccff",
                        "bold": true,
                        "textAlign": "center",
                        "index": 1
                    },
                    {
                        "value": "Pork (1 kg)",
                        "format": "",
                        "background": "#99ccff",
                        "bold": true,
                        "textAlign": "center",
                        "index": 2
                    },
                    {
                        "value": "Chicken fillets (1 kg)",
                        "format": "",
                        "background": "#99ccff",
                        "bold": true,
                        "textAlign": "center",
                        "index": 3
                    },
                    {
                        "value": "Olive oil (1 l)",
                        "format": "",
                        "background": "#99ccff",
                        "bold": true,
                        "textAlign": "center",
                        "index": 4
                    },
                    {
                        "value": "White sugar (1 kg)",
                        "format": "",
                        "background": "#99ccff",
                        "bold": true,
                        "textAlign": "center",
                        "index": 5
                    },
                    {
                        "value": "Beer (1 l)",
                        "format": "",
                        "background": "#99ccff",
                        "bold": true,
                        "textAlign": "center",
                        "index": 6
                    },
                    {
                        "value": "Cigarettes (20 cigarettes)",
                        "format": "",
                        "background": "#99ccff",
                        "bold": true,
                        "textAlign": "center",
                        "index": 7
                    },
                    {
                        "value": "Cinema ticket (1 ticket)",
                        "format": "",
                        "background": "#99ccff",
                        "bold": true,
                        "textAlign": "center",
                        "index": 8
                    },
                    {
                        "value": "Cup of coffee (1 cup) ",
                        "format": "",
                        "background": "#99ccff",
                        "bold": true,
                        "textAlign": "center",
                        "index": 9
                    },
                    {
                        "value": "Tooth paste (100 ml) ",
                        "format": "",
                        "background": "#99ccff",
                        "bold": true,
                        "textAlign": "center",
                        "index": 10
                    }
                ]
            },
            {
                "index": 8,
                "cells": [
                    {
                        "value": "Belgium",
                        "format": "",
                        "background": "#99ccff",
                        "index": 0
                    },
                    {
                        "value": 1,
                        "format": "#,##0.00",
                        "index": 1
                    },
                    {
                        "value": ":",
                        "format": "",
                        "index": 2
                    },
                    {
                        "value": 11.94,
                        "format": "#,##0.00",
                        "index": 3
                    },
                    {
                        "value": 6.98,
                        "format": "#,##0.00",
                        "index": 4
                    },
                    {
                        "value": 1.04,
                        "format": "#,##0.00",
                        "index": 5
                    },
                    {
                        "value": 1.65,
                        "format": "#,##0.00",
                        "index": 6
                    },
                    {
                        "value": 5.59,
                        "format": "#,##0.00",
                        "index": 7
                    },
                    {
                        "value": 8.7,
                        "format": "#,##0.00",
                        "index": 8
                    },
                    {
                        "value": 2.02,
                        "format": "#,##0.00",
                        "index": 9
                    },
                    {
                        "value": 2.41,
                        "format": "#,##0.00",
                        "index": 10
                    }
                ]
            },
            {
                "index": 9,
                "cells": [
                    {
                        "value": "Bulgaria",
                        "format": "",
                        "background": "#99ccff",
                        "index": 0
                    },
                    {
                        "value": 0.56,
                        "format": "#,##0.00",
                        "index": 1
                    },
                    {
                        "value": 4.3,
                        "format": "#,##0.00",
                        "index": 2
                    },
                    {
                        "value": 5.43,
                        "format": "#,##0.00",
                        "index": 3
                    },
                    {
                        "value": 8.15,
                        "format": "#,##0.00",
                        "index": 4
                    },
                    {
                        "value": 1.07,
                        "format": "#,##0.00",
                        "index": 5
                    },
                    {
                        "value": 1.01,
                        "format": "#,##0.00",
                        "index": 6
                    },
                    {
                        "value": 2.45,
                        "format": "#,##0.00",
                        "index": 7
                    },
                    {
                        "value": 3.89,
                        "format": "#,##0.00",
                        "index": 8
                    },
                    {
                        "value": 0.56,
                        "format": "#,##0.00",
                        "index": 9
                    },
                    {
                        "value": 1.61,
                        "format": "#,##0.00",
                        "index": 10
                    }
                ]
            },
            {
                "index": 10,
                "cells": [
                    {
                        "value": "Czech Republic",
                        "format": "",
                        "background": "#99ccff",
                        "index": 0
                    },
                    {
                        "value": 0.51,
                        "format": "#,##0.00",
                        "index": 1
                    },
                    {
                        "value": 4.61,
                        "format": "#,##0.00",
                        "index": 2
                    },
                    {
                        "value": 5.78,
                        "format": "#,##0.00",
                        "index": 3
                    },
                    {
                        "value": 10.57,
                        "format": "#,##0.00",
                        "index": 4
                    },
                    {
                        "value": 0.93,
                        "format": "#,##0.00",
                        "index": 5
                    },
                    {
                        "value": 1.56,
                        "format": "#,##0.00",
                        "index": 6
                    },
                    {
                        "value": 2.89,
                        "format": "#,##0.00",
                        "index": 7
                    },
                    {
                        "value": 4.42,
                        "format": "#,##0.00",
                        "index": 8
                    },
                    {
                        "value": 0.89,
                        "format": "#,##0.00",
                        "index": 9
                    },
                    {
                        "value": 1.73,
                        "format": "#,##0.00",
                        "index": 10
                    }
                ]
            },
            {
                "index": 11,
                "cells": [
                    {
                        "value": "Germany",
                        "format": "",
                        "background": "#99ccff",
                        "index": 0
                    },
                    {
                        "value": ":",
                        "format": "",
                        "index": 1
                    },
                    {
                        "value": 6.44,
                        "format": "#,##0.00",
                        "index": 2
                    },
                    {
                        "value": ":",
                        "format": "",
                        "index": 3
                    },
                    {
                        "value": ":",
                        "format": "",
                        "index": 4
                    },
                    {
                        "value": 0.94,
                        "format": "#,##0.00",
                        "index": 5
                    },
                    {
                        "value": 1.56,
                        "format": "#,##0.00",
                        "index": 6
                    },
                    {
                        "value": 5.14,
                        "format": "#,##0.00",
                        "index": 7
                    },
                    {
                        "value": 7.83,
                        "format": "#,##0.00",
                        "index": 8
                    },
                    {
                        "value": 1.91,
                        "format": "#,##0.00",
                        "index": 9
                    },
                    {
                        "value": ":",
                        "format": "",
                        "index": 10
                    }
                ]
            },
            {
                "index": 12,
                "cells": [
                    {
                        "value": "Estonia",
                        "format": "",
                        "background": "#99ccff",
                        "index": 0
                    },
                    {
                        "value": ":",
                        "format": "",
                        "index": 1
                    },
                    {
                        "value": ":",
                        "format": "",
                        "index": 2
                    },
                    {
                        "value": 6.07,
                        "format": "#,##0.00",
                        "index": 3
                    },
                    {
                        "value": ":",
                        "format": "",
                        "index": 4
                    },
                    {
                        "value": 1.06,
                        "format": "#,##0.00",
                        "index": 5
                    },
                    {
                        "value": 1.65,
                        "format": "#,##0.00",
                        "index": 6
                    },
                    {
                        "value": 2.78,
                        "format": "#,##0.00",
                        "index": 7
                    },
                    {
                        "value": ":",
                        "format": "",
                        "index": 8
                    },
                    {
                        "value": ":",
                        "format": "",
                        "index": 9
                    },
                    {
                        "value": ":",
                        "format": "",
                        "index": 10
                    }
                ]
            },
            {
                "index": 13,
                "cells": [
                    {
                        "value": "Ireland",
                        "format": "",
                        "background": "#99ccff",
                        "index": 0
                    },
                    {
                        "value": ":",
                        "format": "",
                        "index": 1
                    },
                    {
                        "value": 8.54,
                        "format": "#,##0.00",
                        "index": 2
                    },
                    {
                        "value": ":",
                        "format": "",
                        "index": 3
                    },
                    {
                        "value": ":",
                        "format": "",
                        "index": 4
                    },
                    {
                        "value": 1.35,
                        "format": "#,##0.00",
                        "index": 5
                    },
                    {
                        "value": ":",
                        "format": "",
                        "index": 6
                    },
                    {
                        "value": 9.34,
                        "format": "#,##0.00",
                        "index": 7
                    },
                    {
                        "value": 8.99,
                        "format": "#,##0.00",
                        "index": 8
                    },
                    {
                        "value": ":",
                        "format": "",
                        "index": 9
                    },
                    {
                        "value": ":",
                        "format": "",
                        "index": 10
                    }
                ]
            },
            {
                "index": 14,
                "cells": [
                    {
                        "value": "Spain",
                        "format": "",
                        "background": "#99ccff",
                        "index": 0
                    },
                    {
                        "value": 0.77,
                        "format": "#,##0.00",
                        "index": 1
                    },
                    {
                        "value": ":",
                        "format": "",
                        "index": 2
                    },
                    {
                        "value": ":",
                        "format": "",
                        "index": 3
                    },
                    {
                        "value": 3.49,
                        "format": "#,##0.00",
                        "index": 4
                    },
                    {
                        "value": 0.99,
                        "format": "#,##0.00",
                        "index": 5
                    },
                    {
                        "value": ":",
                        "format": "",
                        "index": 6
                    },
                    {
                        "value": ":",
                        "format": "",
                        "index": 7
                    },
                    {
                        "value": ":",
                        "format": "",
                        "index": 8
                    },
                    {
                        "value": ":",
                        "format": "",
                        "index": 9
                    },
                    {
                        "value": ":",
                        "format": "",
                        "index": 10
                    }
                ]
            },
            {
                "index": 15,
                "cells": [
                    {
                        "value": "Croatia",
                        "format": "",
                        "background": "#99ccff",
                        "index": 0
                    },
                    {
                        "value": 0.75,
                        "format": "#,##0.00",
                        "index": 1
                    },
                    {
                        "value": 5.13,
                        "format": "#,##0.00",
                        "index": 2
                    },
                    {
                        "value": 7.72,
                        "format": "#,##0.00",
                        "index": 3
                    },
                    {
                        "value": 9.1,
                        "format": "#,##0.00",
                        "index": 4
                    },
                    {
                        "value": 0.89,
                        "format": "#,##0.00",
                        "index": 5
                    },
                    {
                        "value": 1.63,
                        "format": "#,##0.00",
                        "index": 6
                    },
                    {
                        "value": 2.73,
                        "format": "#,##0.00",
                        "index": 7
                    },
                    {
                        "value": 3.37,
                        "format": "#,##0.00",
                        "index": 8
                    },
                    {
                        "value": 0.98,
                        "format": "#,##0.00",
                        "index": 9
                    },
                    {
                        "value": 2.47,
                        "format": "#,##0.00",
                        "index": 10
                    }
                ]
            },
            {
                "index": 16,
                "cells": [
                    {
                        "value": "Italy",
                        "format": "",
                        "background": "#99ccff",
                        "index": 0
                    },
                    {
                        "value": 0.78,
                        "format": "#,##0.00",
                        "index": 1
                    },
                    {
                        "value": 7.37,
                        "format": "#,##0.00",
                        "index": 2
                    },
                    {
                        "value": 9.68,
                        "format": "#,##0.00",
                        "index": 3
                    },
                    {
                        "value": 5.16,
                        "format": "#,##0.00",
                        "index": 4
                    },
                    {
                        "value": 1.15,
                        "format": "#,##0.00",
                        "index": 5
                    },
                    {
                        "value": 1.75,
                        "format": "#,##0.00",
                        "index": 6
                    },
                    {
                        "value": 4.83,
                        "format": "#,##0.00",
                        "index": 7
                    },
                    {
                        "value": 7.82,
                        "format": "#,##0.00",
                        "index": 8
                    },
                    {
                        "value": 0.93,
                        "format": "#,##0.00",
                        "index": 9
                    },
                    {
                        "value": 2.41,
                        "format": "#,##0.00",
                        "index": 10
                    }
                ]
            },
            {
                "index": 17,
                "cells": [
                    {
                        "value": "Cyprus",
                        "format": "",
                        "background": "#99ccff",
                        "index": 0
                    },
                    {
                        "value": 1.23,
                        "format": "#,##0.00",
                        "index": 1
                    },
                    {
                        "value": ":",
                        "format": "",
                        "index": 2
                    },
                    {
                        "value": 10.56,
                        "format": "#,##0.00",
                        "index": 3
                    },
                    {
                        "value": 5.02,
                        "format": "#,##0.00",
                        "index": 4
                    },
                    {
                        "value": 1.32,
                        "format": "#,##0.00",
                        "index": 5
                    },
                    {
                        "value": 3.07,
                        "format": "#,##0.00",
                        "index": 6
                    },
                    {
                        "value": 4,
                        "format": "#,##0.00",
                        "index": 7
                    },
                    {
                        "value": 8,
                        "format": "#,##0.00",
                        "index": 8
                    },
                    {
                        "value": 1.88,
                        "format": "#,##0.00",
                        "index": 9
                    },
                    {
                        "value": 3.4,
                        "format": "#,##0.00",
                        "index": 10
                    }
                ]
            },
            {
                "index": 18,
                "cells": [
                    {
                        "value": "Latvia",
                        "format": "",
                        "background": "#99ccff",
                        "index": 0
                    },
                    {
                        "value": 0.84,
                        "format": "#,##0.00",
                        "index": 1
                    },
                    {
                        "value": ":",
                        "format": "",
                        "index": 2
                    },
                    {
                        "value": 5.21,
                        "format": "#,##0.00",
                        "index": 3
                    },
                    {
                        "value": 8.59,
                        "format": "#,##0.00",
                        "index": 4
                    },
                    {
                        "value": 1.14,
                        "format": "#,##0.00",
                        "index": 5
                    },
                    {
                        "value": 1.65,
                        "format": "#,##0.00",
                        "index": 6
                    },
                    {
                        "value": 2.73,
                        "format": "#,##0.00",
                        "index": 7
                    },
                    {
                        "value": ":",
                        "format": "",
                        "index": 8
                    },
                    {
                        "value": ":",
                        "format": "",
                        "index": 9
                    },
                    {
                        "value": 1.76,
                        "format": "#,##0.00",
                        "index": 10
                    }
                ]
            },
            {
                "index": 19,
                "cells": [
                    {
                        "value": "Lithuania",
                        "format": "",
                        "background": "#99ccff",
                        "index": 0
                    },
                    {
                        "value": 0.72,
                        "format": "#,##0.00",
                        "index": 1
                    },
                    {
                        "value": 3.83,
                        "format": "#,##0.00",
                        "index": 2
                    },
                    {
                        "value": 4.77,
                        "format": "#,##0.00",
                        "index": 3
                    },
                    {
                        "value": 7.15,
                        "format": "#,##0.00",
                        "index": 4
                    },
                    {
                        "value": 1.12,
                        "format": "#,##0.00",
                        "index": 5
                    },
                    {
                        "value": 1.36,
                        "format": "#,##0.00",
                        "index": 6
                    },
                    {
                        "value": 2.46,
                        "format": "#,##0.00",
                        "index": 7
                    },
                    {
                        "value": 4.44,
                        "format": "#,##0.00",
                        "index": 8
                    },
                    {
                        "value": 0.92,
                        "format": "#,##0.00",
                        "index": 9
                    },
                    {
                        "value": 2.48,
                        "format": "#,##0.00",
                        "index": 10
                    }
                ]
            },
            {
                "index": 20,
                "cells": [
                    {
                        "value": "Luxembourg",
                        "format": "",
                        "background": "#99ccff",
                        "index": 0
                    },
                    {
                        "value": 1.03,
                        "format": "#,##0.00",
                        "index": 1
                    },
                    {
                        "value": 9.4,
                        "format": "#,##0.00",
                        "index": 2
                    },
                    {
                        "value": 15.32,
                        "format": "#,##0.00",
                        "index": 3
                    },
                    {
                        "value": 8.08,
                        "format": "#,##0.00",
                        "index": 4
                    },
                    {
                        "value": 1.27,
                        "format": "#,##0.00",
                        "index": 5
                    },
                    {
                        "value": 2.51,
                        "format": "#,##0.00",
                        "index": 6
                    },
                    {
                        "value": 4.42,
                        "format": "#,##0.00",
                        "index": 7
                    },
                    {
                        "value": 8.14,
                        "format": "#,##0.00",
                        "index": 8
                    },
                    {
                        "value": 2.26,
                        "format": "#,##0.00",
                        "index": 9
                    },
                    {
                        "value": 3.22,
                        "format": "#,##0.00",
                        "index": 10
                    }
                ]
            },
            {
                "index": 21,
                "cells": [
                    {
                        "value": "Malta",
                        "format": "",
                        "background": "#99ccff",
                        "index": 0
                    },
                    {
                        "value": 0.93,
                        "format": "#,##0.00",
                        "index": 1
                    },
                    {
                        "value": 6.66,
                        "format": "#,##0.00",
                        "index": 2
                    },
                    {
                        "value": 7.3,
                        "format": "#,##0.00",
                        "index": 3
                    },
                    {
                        "value": 6.56,
                        "format": "#,##0.00",
                        "index": 4
                    },
                    {
                        "value": 1.32,
                        "format": "#,##0.00",
                        "index": 5
                    },
                    {
                        "value": 2.59,
                        "format": "#,##0.00",
                        "index": 6
                    },
                    {
                        "value": 4.33,
                        "format": "#,##0.00",
                        "index": 7
                    },
                    {
                        "value": 5.65,
                        "format": "#,##0.00",
                        "index": 8
                    },
                    {
                        "value": 1.46,
                        "format": "#,##0.00",
                        "index": 9
                    },
                    {
                        "value": 2.56,
                        "format": "#,##0.00",
                        "index": 10
                    }
                ]
            },
            {
                "index": 22,
                "cells": [
                    {
                        "value": "Netherlands",
                        "format": "",
                        "background": "#99ccff",
                        "index": 0
                    },
                    {
                        "value": 0.5,
                        "format": "#,##0.00",
                        "index": 1
                    },
                    {
                        "value": 7.52,
                        "format": "#,##0.00",
                        "index": 2
                    },
                    {
                        "value": 8.34,
                        "format": "#,##0.00",
                        "index": 3
                    },
                    {
                        "value": 5.11,
                        "format": "#,##0.00",
                        "index": 4
                    },
                    {
                        "value": 1.04,
                        "format": "#,##0.00",
                        "index": 5
                    },
                    {
                        "value": 1.62,
                        "format": "#,##0.00",
                        "index": 6
                    },
                    {
                        "value": 6.14,
                        "format": "#,##0.00",
                        "index": 7
                    },
                    {
                        "value": 9.16,
                        "format": "#,##0.00",
                        "index": 8
                    },
                    {
                        "value": 2.19,
                        "format": "#,##0.00",
                        "index": 9
                    },
                    {
                        "value": 2.88,
                        "format": "#,##0.00",
                        "index": 10
                    }
                ]
            },
            {
                "index": 23,
                "cells": [
                    {
                        "value": "Poland",
                        "format": "",
                        "background": "#99ccff",
                        "index": 0
                    },
                    {
                        "value": 0.58,
                        "format": "#,##0.00",
                        "index": 1
                    },
                    {
                        "value": 3.69,
                        "format": "#,##0.00",
                        "index": 2
                    },
                    {
                        "value": 3.75,
                        "format": "#,##0.00",
                        "index": 3
                    },
                    {
                        "value": 8.89,
                        "format": "#,##0.00",
                        "index": 4
                    },
                    {
                        "value": 0.86,
                        "format": "#,##0.00",
                        "index": 5
                    },
                    {
                        "value": 1.28,
                        "format": "#,##0.00",
                        "index": 6
                    },
                    {
                        "value": ":",
                        "format": "",
                        "index": 7
                    },
                    {
                        "value": 4.06,
                        "format": "#,##0.00",
                        "index": 8
                    },
                    {
                        "value": 1.21,
                        "format": "#,##0.00",
                        "index": 9
                    },
                    {
                        "value": 1.92,
                        "format": "#,##0.00",
                        "index": 10
                    }
                ]
            },
            {
                "index": 24,
                "cells": [
                    {
                        "value": "Romania",
                        "format": "",
                        "background": "#99ccff",
                        "index": 0
                    },
                    {
                        "value": 0.74,
                        "format": "#,##0.00",
                        "index": 1
                    },
                    {
                        "value": 4.51,
                        "format": "#,##0.00",
                        "index": 2
                    },
                    {
                        "value": 5.02,
                        "format": "#,##0.00",
                        "index": 3
                    },
                    {
                        "value": 8.26,
                        "format": "#,##0.00",
                        "index": 4
                    },
                    {
                        "value": 1.08,
                        "format": "#,##0.00",
                        "index": 5
                    },
                    {
                        "value": 1.57,
                        "format": "#,##0.00",
                        "index": 6
                    },
                    {
                        "value": 2.93,
                        "format": "#,##0.00",
                        "index": 7
                    },
                    {
                        "value": ":",
                        "format": "",
                        "index": 8
                    },
                    {
                        "value": 1.01,
                        "format": "#,##0.00",
                        "index": 9
                    },
                    {
                        "value": 2.2,
                        "format": "#,##0.00",
                        "index": 10
                    }
                ]
            },
            {
                "index": 25,
                "cells": [
                    {
                        "value": "Slovenia",
                        "format": "",
                        "background": "#99ccff",
                        "index": 0
                    },
                    {
                        "value": 0.87,
                        "format": "#,##0.00",
                        "index": 1
                    },
                    {
                        "value": 5.8,
                        "format": "#,##0.00",
                        "index": 2
                    },
                    {
                        "value": 8.79,
                        "format": "#,##0.00",
                        "index": 3
                    },
                    {
                        "value": 9.75,
                        "format": "#,##0.00",
                        "index": 4
                    },
                    {
                        "value": 1.08,
                        "format": "#,##0.00",
                        "index": 5
                    },
                    {
                        "value": 1.95,
                        "format": "#,##0.00",
                        "index": 6
                    },
                    {
                        "value": 3.66,
                        "format": "#,##0.00",
                        "index": 7
                    },
                    {
                        "value": 5.35,
                        "format": "#,##0.00",
                        "index": 8
                    },
                    {
                        "value": 1.17,
                        "format": "#,##0.00",
                        "index": 9
                    },
                    {
                        "value": 2.59,
                        "format": "#,##0.00",
                        "index": 10
                    }
                ]
            },
            {
                "index": 26,
                "cells": [
                    {
                        "value": "Slovakia",
                        "format": "",
                        "background": "#99ccff",
                        "index": 0
                    },
                    {
                        "value": 0.5,
                        "format": "#,##0.00",
                        "index": 1
                    },
                    {
                        "value": 4.69,
                        "format": "#,##0.00",
                        "index": 2
                    },
                    {
                        "value": 5.84,
                        "format": "#,##0.00",
                        "index": 3
                    },
                    {
                        "value": 10.72,
                        "format": "#,##0.00",
                        "index": 4
                    },
                    {
                        "value": 1.09,
                        "format": "#,##0.00",
                        "index": 5
                    },
                    {
                        "value": 1.31,
                        "format": "#,##0.00",
                        "index": 6
                    },
                    {
                        "value": 3.04,
                        "format": "#,##0.00",
                        "index": 7
                    },
                    {
                        "value": 3.91,
                        "format": "#,##0.00",
                        "index": 8
                    },
                    {
                        "value": 0.95,
                        "format": "#,##0.00",
                        "index": 9
                    },
                    {
                        "value": 1.63,
                        "format": "#,##0.00",
                        "index": 10
                    }
                ]
            },
            {
                "index": 27,
                "cells": [
                    {
                        "value": "Finland",
                        "format": "",
                        "background": "#99ccff",
                        "index": 0
                    },
                    {
                        "value": 0.71,
                        "format": "#,##0.00",
                        "index": 1
                    },
                    {
                        "value": ":",
                        "format": "",
                        "index": 2
                    },
                    {
                        "value": 13.71,
                        "format": "#,##0.00",
                        "index": 3
                    },
                    {
                        "value": ":",
                        "format": "",
                        "index": 4
                    },
                    {
                        "value": 1.13,
                        "format": "#,##0.00",
                        "index": 5
                    },
                    {
                        "value": ":",
                        "format": "",
                        "index": 6
                    },
                    {
                        "value": ":",
                        "format": "",
                        "index": 7
                    },
                    {
                        "value": 11.26,
                        "format": "#,##0.00",
                        "index": 8
                    },
                    {
                        "value": 2.05,
                        "format": "#,##0.00",
                        "index": 9
                    },
                    {
                        "value": 2.48,
                        "format": "#,##0.00",
                        "index": 10
                    }
                ]
            },
            {
                "index": 28,
                "cells": [
                    {
                        "value": "United Kingdom",
                        "format": "",
                        "background": "#99ccff",
                        "index": 0
                    },
                    {
                        "value": 0.93,
                        "format": "#,##0.00",
                        "index": 1
                    },
                    {
                        "value": ":",
                        "format": "",
                        "index": 2
                    },
                    {
                        "value": ":",
                        "format": "",
                        "index": 3
                    },
                    {
                        "value": ":",
                        "format": "",
                        "index": 4
                    },
                    {
                        "value": 1.15,
                        "format": "#,##0.00",
                        "index": 5
                    },
                    {
                        "value": ":",
                        "format": "",
                        "index": 6
                    },
                    {
                        "value": 9.5,
                        "format": "#,##0.00",
                        "index": 7
                    },
                    {
                        "value": ":",
                        "format": "",
                        "index": 8
                    },
                    {
                        "value": 2.37,
                        "format": "#,##0.00",
                        "index": 9
                    },
                    {
                        "value": ":",
                        "format": "",
                        "index": 10
                    }
                ]
            },
            {
                "index": 29,
                "cells": [
                    {
                        "value": "Switzerland",
                        "format": "",
                        "background": "#99ccff",
                        "index": 0
                    },
                    {
                        "value": ":",
                        "format": "",
                        "index": 1
                    },
                    {
                        "value": ":",
                        "format": "",
                        "index": 2
                    },
                    {
                        "value": ":",
                        "format": "",
                        "index": 3
                    },
                    {
                        "value": ":",
                        "format": "",
                        "index": 4
                    },
                    {
                        "value": 0.97,
                        "format": "#,##0.00",
                        "index": 5
                    },
                    {
                        "value": 2.2,
                        "format": "#,##0.00",
                        "index": 6
                    },
                    {
                        "value": 5.95,
                        "format": "#,##0.00",
                        "index": 7
                    },
                    {
                        "value": ":",
                        "format": "",
                        "index": 8
                    },
                    {
                        "value": 3.25,
                        "format": "#,##0.00",
                        "index": 9
                    },
                    {
                        "value": ":",
                        "format": "",
                        "index": 10
                    }
                ]
            },
            {
                "index": 30,
                "cells": [
                    {
                        "value": "Turkey",
                        "format": "",
                        "background": "#99ccff",
                        "index": 0
                    },
                    {
                        "value": 0.88,
                        "format": "#,##0.00",
                        "index": 1
                    },
                    {
                        "value": ":",
                        "format": "",
                        "index": 2
                    },
                    {
                        "value": 4.2,
                        "format": "#,##0.00",
                        "index": 3
                    },
                    {
                        "value": 4.16,
                        "format": "#,##0.00",
                        "index": 4
                    },
                    {
                        "value": 1.28,
                        "format": "#,##0.00",
                        "index": 5
                    },
                    {
                        "value": 1.64,
                        "format": "#,##0.00",
                        "index": 6
                    },
                    {
                        "value": 2.78,
                        "format": "#,##0.00",
                        "index": 7
                    },
                    {
                        "value": 3.92,
                        "format": "#,##0.00",
                        "index": 8
                    },
                    {
                        "value": ":",
                        "format": "",
                        "index": 9
                    },
                    {
                        "value": 3.47,
                        "format": "#,##0.00",
                        "index": 10
                    }
                ]
            }
        ],
        "columns": [
            {
                "index": 0,
                "width": 120
            },
            {
                "index": 1,
                "width": 113
            },
            {
                "index": 2,
                "width": 77
            },
            {
                "index": 3,
                "width": 146
            },
            {
                "index": 4,
                "width": 95
            },
            {
                "index": 5,
                "width": 130
            },
            {
                "index": 6,
                "width": 81
            },
            {
                "index": 7,
                "width": 165
            },
            {
                "index": 8,
                "width": 154
            },
            {
                "index": 9,
                "width": 144
            },
            {
                "index": 10,
                "width": 151
            }
        ],
        "selection": "D3:D3",
        "activeCell": "D3:D3",
        "frozenRows": 0,
        "frozenColumns": 0,
        "mergedCells": [
            "A1:C1"
        ]
    }
]