[
  {
    "name": "Products",
    "rows": [
      {
        "index": 0,
        "height": 40,
        "cells": [
          { "value": "Product", "format": "", "background": "#00b050", "color": "#ffffff", "fontSize": 13, "bold": true, "textAlign": "center", "verticalAlign": "center", "index": 0 },
          { "value": "Unit Price", "format": "", "background": "#00b050", "color": "#ffffff", "fontSize": 13, "bold": true, "textAlign": "center", "verticalAlign": "center", "index": 1 },
          { "value": "Units in Stock", "format": "", "background": "#00b050", "color": "#ffffff", "fontSize": 13, "bold": true, "textAlign": "center", "verticalAlign": "center", "index": 2 },
          { "value": "Discontinued", "format": "", "background": "#00b050", "color": "#ffffff", "fontSize": 13, "bold": true, "textAlign": "center", "verticalAlign": "center", "index": 3 }
        ]
      },
      {
        "index": 1,
        "cells": [
          { "value": "Chai", "format": "", "background": "#f2f2f2", "color": "#000000", "index": 0 },
          { "value": 18, "format": "\"$\"#,##0.00", "background": "#f2f2f2", "color": "#000000", "index": 1 },
          { "value": 39, "format": "", "background": "#f2f2f2", "color": "#000000", "index": 2 },
          { "value": "No", "format": "", "background": "#f2f2f2", "color": "#00b050", "bold": true, "textAlign": "center", "index": 3 }
        ]
      },
      {
        "index": 2,
        "cells": [
          { "value": "Chang", "format": "", "background": "#ffffff", "color": "#000000", "index": 0 },
          { "value": 19, "format": "\"$\"#,##0.00", "background": "#ffffff", "color": "#000000", "index": 1 },
          { "value": 17, "format": "", "background": "#ffffff", "color": "#000000", "index": 2 },
          { "value": "No", "format": "", "background": "#ffffff", "color": "#00b050", "bold": true, "textAlign": "center", "index": 3 }
        ]
      },
      {
        "index": 3,
        "cells": [
          { "value": "Aniseed Syrup", "format": "", "background": "#f2f2f2", "color": "#000000", "index": 0 },
          { "value": 10, "format": "\"$\"#,##0.00", "background": "#f2f2f2", "color": "#000000", "index": 1 },
          { "value": 13, "format": "", "background": "#f2f2f2", "color": "#000000", "index": 2 },
          { "value": "No", "format": "", "background": "#f2f2f2", "color": "#00b050", "bold": true, "textAlign": "center", "index": 3 }
        ]
      },
      {
        "index": 4,
        "cells": [
          { "value": "Chef Anton's Cajun Seasoning", "format": "", "background": "#ffffff", "color": "#000000", "index": 0 },
          { "value": 22, "format": "\"$\"#,##0.00", "background": "#ffffff", "color": "#000000", "index": 1 },
          { "value": 53, "format": "", "background": "#ffffff", "color": "#000000", "index": 2 },
          { "value": "No", "format": "", "background": "#ffffff", "color": "#00b050", "bold": true, "textAlign": "center", "index": 3 }
        ]
      },
      {
        "index": 5,
        "cells": [
          { "value": "Chef Anton's Gumbo Mix", "format": "", "background": "#ffc7ce", "color": "#9c0006", "index": 0 },
          { "value": 21.35, "format": "\"$\"#,##0.00", "background": "#ffc7ce", "color": "#9c0006", "index": 1 },
          { "value": 0, "format": "", "background": "#ffc7ce", "color": "#9c0006", "index": 2 },
          { "value": "Yes", "format": "", "background": "#ffc7ce", "color": "#9c0006", "bold": true, "textAlign": "center", "index": 3 }
        ]
      },
      {
        "index": 6,
        "cells": [
          { "value": "Grandma's Boysenberry Spread", "format": "", "background": "#ffffff", "color": "#000000", "index": 0 },
          { "value": 25, "format": "\"$\"#,##0.00", "background": "#ffffff", "color": "#000000", "index": 1 },
          { "value": 120, "format": "", "background": "#ffffff", "color": "#000000", "index": 2 },
          { "value": "No", "format": "", "background": "#ffffff", "color": "#00b050", "bold": true, "textAlign": "center", "index": 3 }
        ]
      },
      {
        "index": 7,
        "cells": [
          { "value": "Uncle Bob's Organic Dried Pears", "format": "", "background": "#f2f2f2", "color": "#000000", "index": 0 },
          { "value": 30, "format": "\"$\"#,##0.00", "background": "#f2f2f2", "color": "#000000", "index": 1 },
          { "value": 15, "format": "", "background": "#f2f2f2", "color": "#000000", "index": 2 },
          { "value": "No", "format": "", "background": "#f2f2f2", "color": "#00b050", "bold": true, "textAlign": "center", "index": 3 }
        ]
      },
      {
        "index": 8,
        "cells": [
          { "value": "Northwoods Cranberry Sauce", "format": "", "background": "#ffffff", "color": "#000000", "index": 0 },
          { "value": 40, "format": "\"$\"#,##0.00", "background": "#ffffff", "color": "#000000", "index": 1 },
          { "value": 6, "format": "", "background": "#ffffff", "color": "#000000", "index": 2 },
          { "value": "No", "format": "", "background": "#ffffff", "color": "#00b050", "bold": true, "textAlign": "center", "index": 3 }
        ]
      },
      {
        "index": 9,
        "cells": [
          { "value": "Mishi Kobe Niku", "format": "", "background": "#ffc7ce", "color": "#9c0006", "index": 0 },
          { "value": 97, "format": "\"$\"#,##0.00", "background": "#ffc7ce", "color": "#9c0006", "index": 1 },
          { "value": 29, "format": "", "background": "#ffc7ce", "color": "#9c0006", "index": 2 },
          { "value": "Yes", "format": "", "background": "#ffc7ce", "color": "#9c0006", "bold": true, "textAlign": "center", "index": 3 }
        ]
      },
      {
        "index": 10,
        "cells": [
          { "value": "Ikura", "format": "", "background": "#ffffff", "color": "#000000", "index": 0 },
          { "value": 31, "format": "\"$\"#,##0.00", "background": "#ffffff", "color": "#000000", "index": 1 },
          { "value": 31, "format": "", "background": "#ffffff", "color": "#000000", "index": 2 },
          { "value": "No", "format": "", "background": "#ffffff", "color": "#00b050", "bold": true, "textAlign": "center", "index": 3 }
        ]
      },
      {
        "index": 11,
        "cells": [
          { "value": "Queso Cabrales", "format": "", "background": "#f2f2f2", "color": "#000000", "index": 0 },
          { "value": 21, "format": "\"$\"#,##0.00", "background": "#f2f2f2", "color": "#000000", "index": 1 },
          { "value": 22, "format": "", "background": "#f2f2f2", "color": "#000000", "index": 2 },
          { "value": "No", "format": "", "background": "#f2f2f2", "color": "#00b050", "bold": true, "textAlign": "center", "index": 3 }
        ]
      },
      {
        "index": 12,
        "cells": [
          { "value": "Queso Manchego La Pastora", "format": "", "background": "#ffffff", "color": "#000000", "index": 0 },
          { "value": 38, "format": "\"$\"#,##0.00", "background": "#ffffff", "color": "#000000", "index": 1 },
          { "value": 86, "format": "", "background": "#ffffff", "color": "#000000", "index": 2 },
          { "value": "No", "format": "", "background": "#ffffff", "color": "#00b050", "bold": true, "textAlign": "center", "index": 3 }
        ]
      },
      {
        "index": 13,
        "cells": [
          { "value": "Konbu", "format": "", "background": "#f2f2f2", "color": "#000000", "index": 0 },
          { "value": 6, "format": "\"$\"#,##0.00", "background": "#f2f2f2", "color": "#000000", "index": 1 },
          { "value": 24, "format": "", "background": "#f2f2f2", "color": "#000000", "index": 2 },
          { "value": "No", "format": "", "background": "#f2f2f2", "color": "#00b050", "bold": true, "textAlign": "center", "index": 3 }
        ]
      },
      {
        "index": 14,
        "cells": [
          { "value": "Tofu", "format": "", "background": "#ffffff", "color": "#000000", "index": 0 },
          { "value": 23.25, "format": "\"$\"#,##0.00", "background": "#ffffff", "color": "#000000", "index": 1 },
          { "value": 35, "format": "", "background": "#ffffff", "color": "#000000", "index": 2 },
          { "value": "No", "format": "", "background": "#ffffff", "color": "#00b050", "bold": true, "textAlign": "center", "index": 3 }
        ]
      },
      {
        "index": 15,
        "cells": [
          { "value": "Genen Shouyu", "format": "", "background": "#f2f2f2", "color": "#000000", "index": 0 },
          { "value": 15.5, "format": "\"$\"#,##0.00", "background": "#f2f2f2", "color": "#000000", "index": 1 },
          { "value": 39, "format": "", "background": "#f2f2f2", "color": "#000000", "index": 2 },
          { "value": "No", "format": "", "background": "#f2f2f2", "color": "#00b050", "bold": true, "textAlign": "center", "index": 3 }
        ]
      },
      {
        "index": 16,
        "cells": [
          { "value": "Pavlova", "format": "", "background": "#ffffff", "color": "#000000", "index": 0 },
          { "value": 17.45, "format": "\"$\"#,##0.00", "background": "#ffffff", "color": "#000000", "index": 1 },
          { "value": 29, "format": "", "background": "#ffffff", "color": "#000000", "index": 2 },
          { "value": "No", "format": "", "background": "#ffffff", "color": "#00b050", "bold": true, "textAlign": "center", "index": 3 }
        ]
      },
      {
        "index": 17,
        "cells": [
          { "value": "Alice Mutton", "format": "", "background": "#ffc7ce", "color": "#9c0006", "index": 0 },
          { "value": 39, "format": "\"$\"#,##0.00", "background": "#ffc7ce", "color": "#9c0006", "index": 1 },
          { "value": 0, "format": "", "background": "#ffc7ce", "color": "#9c0006", "index": 2 },
          { "value": "Yes", "format": "", "background": "#ffc7ce", "color": "#9c0006", "bold": true, "textAlign": "center", "index": 3 }
        ]
      },
      {
        "index": 18,
        "cells": [
          { "value": "Carnarvon Tigers", "format": "", "background": "#ffffff", "color": "#000000", "index": 0 },
          { "value": 62.5, "format": "\"$\"#,##0.00", "background": "#ffffff", "color": "#000000", "index": 1 },
          { "value": 42, "format": "", "background": "#ffffff", "color": "#000000", "index": 2 },
          { "value": "No", "format": "", "background": "#ffffff", "color": "#00b050", "bold": true, "textAlign": "center", "index": 3 }
        ]
      },
      {
        "index": 19,
        "cells": [
          { "value": "Teatime Chocolate Biscuits", "format": "", "background": "#f2f2f2", "color": "#000000", "index": 0 },
          { "value": 9.2, "format": "\"$\"#,##0.00", "background": "#f2f2f2", "color": "#000000", "index": 1 },
          { "value": 25, "format": "", "background": "#f2f2f2", "color": "#000000", "index": 2 },
          { "value": "No", "format": "", "background": "#f2f2f2", "color": "#00b050", "bold": true, "textAlign": "center", "index": 3 }
        ]
      },
      {
        "index": 20,
        "cells": [
          { "value": "Sir Rodney's Marmalade", "format": "", "background": "#ffffff", "color": "#000000", "index": 0 },
          { "value": 81, "format": "\"$\"#,##0.00", "background": "#ffffff", "color": "#000000", "index": 1 },
          { "value": 40, "format": "", "background": "#ffffff", "color": "#000000", "index": 2 },
          { "value": "No", "format": "", "background": "#ffffff", "color": "#00b050", "bold": true, "textAlign": "center", "index": 3 }
        ]
      },
      {
        "index": 21,
        "cells": [
          { "value": "Sir Rodney's Scones", "format": "", "background": "#f2f2f2", "color": "#000000", "index": 0 },
          { "value": 10, "format": "\"$\"#,##0.00", "background": "#f2f2f2", "color": "#000000", "index": 1 },
          { "value": 3, "format": "", "background": "#f2f2f2", "color": "#000000", "index": 2 },
          { "value": "No", "format": "", "background": "#f2f2f2", "color": "#00b050", "bold": true, "textAlign": "center", "index": 3 }
        ]
      },
      {
        "index": 22,
        "cells": [
          { "value": "Gustaf's Knackebrod", "format": "", "background": "#ffffff", "color": "#000000", "index": 0 },
          { "value": 21, "format": "\"$\"#,##0.00", "background": "#ffffff", "color": "#000000", "index": 1 },
          { "value": 104, "format": "", "background": "#ffffff", "color": "#000000", "index": 2 },
          { "value": "No", "format": "", "background": "#ffffff", "color": "#00b050", "bold": true, "textAlign": "center", "index": 3 }
        ]
      },
      {
        "index": 23,
        "cells": [
          { "value": "Tunnbrod", "format": "", "background": "#f2f2f2", "color": "#000000", "index": 0 },
          { "value": 9, "format": "\"$\"#,##0.00", "background": "#f2f2f2", "color": "#000000", "index": 1 },
          { "value": 61, "format": "", "background": "#f2f2f2", "color": "#000000", "index": 2 },
          { "value": "No", "format": "", "background": "#f2f2f2", "color": "#00b050", "bold": true, "textAlign": "center", "index": 3 }
        ]
      },
      {
        "index": 24,
        "cells": [
          { "value": "Guarana Fantastica", "format": "", "background": "#ffc7ce", "color": "#9c0006", "index": 0 },
          { "value": 4.5, "format": "\"$\"#,##0.00", "background": "#ffc7ce", "color": "#9c0006", "index": 1 },
          { "value": 20, "format": "", "background": "#ffc7ce", "color": "#9c0006", "index": 2 },
          { "value": "Yes", "format": "", "background": "#ffc7ce", "color": "#9c0006", "bold": true, "textAlign": "center", "index": 3 }
        ]
      },
      {
        "index": 25,
        "cells": [
          { "value": "NuNuCa Nuss-Nougat-Creme", "format": "", "background": "#f2f2f2", "color": "#000000", "index": 0 },
          { "value": 14, "format": "\"$\"#,##0.00", "background": "#f2f2f2", "color": "#000000", "index": 1 },
          { "value": 76, "format": "", "background": "#f2f2f2", "color": "#000000", "index": 2 },
          { "value": "No", "format": "", "background": "#f2f2f2", "color": "#00b050", "bold": true, "textAlign": "center", "index": 3 }
        ]
      },
      {
        "index": 26,
        "cells": [
          { "value": "Gumbar Gummibarchen", "format": "", "background": "#ffffff", "color": "#000000", "index": 0 },
          { "value": 31.23, "format": "\"$\"#,##0.00", "background": "#ffffff", "color": "#000000", "index": 1 },
          { "value": 15, "format": "", "background": "#ffffff", "color": "#000000", "index": 2 },
          { "value": "No", "format": "", "background": "#ffffff", "color": "#00b050", "bold": true, "textAlign": "center", "index": 3 }
        ]
      },
      {
        "index": 27,
        "cells": [
          { "value": "Schoggi Schokolade", "format": "", "background": "#f2f2f2", "color": "#000000", "index": 0 },
          { "value": 43.9, "format": "\"$\"#,##0.00", "background": "#f2f2f2", "color": "#000000", "index": 1 },
          { "value": 49, "format": "", "background": "#f2f2f2", "color": "#000000", "index": 2 },
          { "value": "No", "format": "", "background": "#f2f2f2", "color": "#00b050", "bold": true, "textAlign": "center", "index": 3 }
        ]
      },
      {
        "index": 28,
        "cells": [
          { "value": "Rossle Sauerkraut", "format": "", "background": "#ffc7ce", "color": "#9c0006", "index": 0 },
          { "value": 45.6, "format": "\"$\"#,##0.00", "background": "#ffc7ce", "color": "#9c0006", "index": 1 },
          { "value": 26, "format": "", "background": "#ffc7ce", "color": "#9c0006", "index": 2 },
          { "value": "Yes", "format": "", "background": "#ffc7ce", "color": "#9c0006", "bold": true, "textAlign": "center", "index": 3 }
        ]
      },
      {
        "index": 29,
        "cells": [
          { "value": "Thuringer Rostbratwurst", "format": "", "background": "#ffc7ce", "color": "#9c0006", "index": 0 },
          { "value": 123.79, "format": "\"$\"#,##0.00", "background": "#ffc7ce", "color": "#9c0006", "index": 1 },
          { "value": 0, "format": "", "background": "#ffc7ce", "color": "#9c0006", "index": 2 },
          { "value": "Yes", "format": "", "background": "#ffc7ce", "color": "#9c0006", "bold": true, "textAlign": "center", "index": 3 }
        ]
      },
      {
        "index": 30,
        "cells": [
          { "value": "Nord-Ost Matjeshering", "format": "", "background": "#ffffff", "color": "#000000", "index": 0 },
          { "value": 25.89, "format": "\"$\"#,##0.00", "background": "#ffffff", "color": "#000000", "index": 1 },
          { "value": 10, "format": "", "background": "#ffffff", "color": "#000000", "index": 2 },
          { "value": "No", "format": "", "background": "#ffffff", "color": "#00b050", "bold": true, "textAlign": "center", "index": 3 }
        ]
      },
      {
        "index": 31,
        "cells": [
          { "value": "Gorgonzola Telino", "format": "", "background": "#f2f2f2", "color": "#000000", "index": 0 },
          { "value": 12.5, "format": "\"$\"#,##0.00", "background": "#f2f2f2", "color": "#000000", "index": 1 },
          { "value": 0, "format": "", "background": "#f2f2f2", "color": "#000000", "index": 2 },
          { "value": "No", "format": "", "background": "#f2f2f2", "color": "#00b050", "bold": true, "textAlign": "center", "index": 3 }
        ]
      },
      {
        "index": 32,
        "cells": [
          { "value": "Mascarpone Fabioli", "format": "", "background": "#ffffff", "color": "#000000", "index": 0 },
          { "value": 32, "format": "\"$\"#,##0.00", "background": "#ffffff", "color": "#000000", "index": 1 },
          { "value": 9, "format": "", "background": "#ffffff", "color": "#000000", "index": 2 },
          { "value": "No", "format": "", "background": "#ffffff", "color": "#00b050", "bold": true, "textAlign": "center", "index": 3 }
        ]
      },
      {
        "index": 33,
        "cells": [
          { "value": "Geitost", "format": "", "background": "#f2f2f2", "color": "#000000", "index": 0 },
          { "value": 2.5, "format": "\"$\"#,##0.00", "background": "#f2f2f2", "color": "#000000", "index": 1 },
          { "value": 112, "format": "", "background": "#f2f2f2", "color": "#000000", "index": 2 },
          { "value": "No", "format": "", "background": "#f2f2f2", "color": "#00b050", "bold": true, "textAlign": "center", "index": 3 }
        ]
      },
      {
        "index": 34,
        "cells": [
          { "value": "Sasquatch Ale", "format": "", "background": "#ffffff", "color": "#000000", "index": 0 },
          { "value": 14, "format": "\"$\"#,##0.00", "background": "#ffffff", "color": "#000000", "index": 1 },
          { "value": 111, "format": "", "background": "#ffffff", "color": "#000000", "index": 2 },
          { "value": "No", "format": "", "background": "#ffffff", "color": "#00b050", "bold": true, "textAlign": "center", "index": 3 }
        ]
      },
      {
        "index": 35,
        "cells": [
          { "value": "Steeleye Stout", "format": "", "background": "#f2f2f2", "color": "#000000", "index": 0 },
          { "value": 18, "format": "\"$\"#,##0.00", "background": "#f2f2f2", "color": "#000000", "index": 1 },
          { "value": 20, "format": "", "background": "#f2f2f2", "color": "#000000", "index": 2 },
          { "value": "No", "format": "", "background": "#f2f2f2", "color": "#00b050", "bold": true, "textAlign": "center", "index": 3 }
        ]
      },
      {
        "index": 36,
        "cells": [
          { "value": "Inlagd Sill", "format": "", "background": "#ffffff", "color": "#000000", "index": 0 },
          { "value": 19, "format": "\"$\"#,##0.00", "background": "#ffffff", "color": "#000000", "index": 1 },
          { "value": 112, "format": "", "background": "#ffffff", "color": "#000000", "index": 2 },
          { "value": "No", "format": "", "background": "#ffffff", "color": "#00b050", "bold": true, "textAlign": "center", "index": 3 }
        ]
      },
      {
        "index": 37,
        "cells": [
          { "value": "Gravad lax", "format": "", "background": "#f2f2f2", "color": "#000000", "index": 0 },
          { "value": 26, "format": "\"$\"#,##0.00", "background": "#f2f2f2", "color": "#000000", "index": 1 },
          { "value": 11, "format": "", "background": "#f2f2f2", "color": "#000000", "index": 2 },
          { "value": "No", "format": "", "background": "#f2f2f2", "color": "#00b050", "bold": true, "textAlign": "center", "index": 3 }
        ]
      },
      {
        "index": 38,
        "cells": [
          { "value": "Cote de Blaye", "format": "", "background": "#ffffff", "color": "#000000", "index": 0 },
          { "value": 263.5, "format": "\"$\"#,##0.00", "background": "#ffffff", "color": "#000000", "index": 1 },
          { "value": 17, "format": "", "background": "#ffffff", "color": "#000000", "index": 2 },
          { "value": "No", "format": "", "background": "#ffffff", "color": "#00b050", "bold": true, "textAlign": "center", "index": 3 }
        ]
      },
      {
        "index": 39,
        "cells": [
          { "value": "Chartreuse verte", "format": "", "background": "#f2f2f2", "color": "#000000", "index": 0 },
          { "value": 18, "format": "\"$\"#,##0.00", "background": "#f2f2f2", "color": "#000000", "index": 1 },
          { "value": 69, "format": "", "background": "#f2f2f2", "color": "#000000", "index": 2 },
          { "value": "No", "format": "", "background": "#f2f2f2", "color": "#00b050", "bold": true, "textAlign": "center", "index": 3 }
        ]
      },
      {
        "index": 40,
        "cells": [
          { "value": "Boston Crab Meat", "format": "", "background": "#ffffff", "color": "#000000", "index": 0 },
          { "value": 18.4, "format": "\"$\"#,##0.00", "background": "#ffffff", "color": "#000000", "index": 1 },
          { "value": 123, "format": "", "background": "#ffffff", "color": "#000000", "index": 2 },
          { "value": "No", "format": "", "background": "#ffffff", "color": "#00b050", "bold": true, "textAlign": "center", "index": 3 }
        ]
      }
    ],
    "columns": [
      {
        "index": 0,
        "width": 280
      },
      {
        "index": 1,
        "width": 120
      },
      {
        "index": 2,
        "width": 120
      },
      {
        "index": 3,
        "width": 120
      }
    ],
    "selection": "C6:C6",
    "activeCell": "C6:C6",
    "frozenRows": 0,
    "frozenColumns": 0,
    "mergedCells": []
  }
]